,Sample,CV,method
1,100:00:00,3.376539244,Flow cytometry
2,80:20:00,0.668064977,Flow cytometry
3,60:40:00,1.513839955,Flow cytometry
4,40:60,2.141208689,Flow cytometry
5,0.888888889,1.590156192,Flow cytometry
6,0.069444444,45.82575695,Flow cytometry
7,100:00:00,19.6842936,ddPCR
8,80:20:00,16.72921508,ddPCR
9,60:40:00,13.00237858,ddPCR
10,40:60,12.56562091,ddPCR
11,0.888888889,17.14567448,ddPCR
12,0.069444444,13.48491943,ddPCR
