,Sample,CV,method
1,100%,3.376539244,Flow cytometry
2,80%,0.668064977,Flow cytometry
3,60%,1.513839955,Flow cytometry
4,40%,2.141208689,Flow cytometry
5,20%,1.590156192,Flow cytometry
6,0%,45.82575695,Flow cytometry
7,100%,19.6842936,ddPCR
8,80%,16.72921508,ddPCR
9,60%,13.00237858,ddPCR
10,40%,12.56562091,ddPCR
11,20%,17.14567448,ddPCR
12,0%,13.48491943,ddPCR
